sample,predict
<<<<<<< HEAD
Lib90_00000,1.0
Lib90_00001,1.0
Lib90_00002,1.0
Lib90_00003,1.0
Lib90_00004,1.0
Lib90_00005,1.0
Lib90_00006,1.0
Lib90_00007,1.0
Lib90_00008,1.0
Lib90_00009,1.0
AAACCCAGTATATGGA-1,0.0
AAACCCAGTATCGTAC-1,0.0
AAACCCAGTCGGTGAA-1,0.0
AAACCCAGTTAGAAAC-1,0.0
AAACCCAGTTATCTTC-1,0.0
AAACCCAGTTGCCGAC-1,0.0
AAACCCAGTTTCCCAC-1,0.0
AAACCCATCAGACAAA-1,0.0
AAACCCATCCATACTT-1,0.0
AAACCCATCCATTCGC-1,0.0
=======
AAACCCAGTATATGGA-1,0
AAACCCAGTATCGTAC-1,0
AAACCCAGTCGGTGAA-1,0
AAACCCAGTTAGAAAC-1,0
AAACCCAGTTATCTTC-1,0
AAACCCAGTTGCCGAC-1,0
AAACCCAGTTTCCCAC-1,0
AAACCCATCAGACAAA-1,0
AAACCCATCCATACTT-1,0
AAACCCATCCATTCGC-1,0
Lib90_00000,1
Lib90_00001,1
Lib90_00002,1
Lib90_00003,1
Lib90_00004,1
Lib90_00005,1
Lib90_00006,1
Lib90_00007,1
Lib90_00008,1
Lib90_00009,1
>>>>>>> parent of 6f19971... update
